Model,Accuracy
Random Forest,0.8872870249017037
XGBoost,0.90956749672346
